Repository's Location,Branch,File Formats,Ignore Glob List,Ignore standalone config,Ignore Commits List,Ignore Authors List,Shallow Cloning,Find Previous Authors
https://github.com/joellow88/ip.git,master,,tutorials/**,,,,,
https://github.com/junlee1991/ip.git,master,,tutorials/**,,,,,
https://github.com/ShiJiaAo/ip.git,master,,tutorials/**,,,,,
https://github.com/hongshenggg/ip.git,master,,tutorials/**,,,,,
https://github.com/dartyr/ip.git,master,,tutorials/**,,,,,
https://github.com/shittake/ip.git,master,,tutorials/**,,,,,
https://github.com/nerdyboy98/ip.git,master,,tutorials/**,,,,,
https://github.com/wpx12011/ip.git,master,,tutorials/**,,,,,
https://github.com/JThh/ip.git,master,,tutorials/**,,,,,
https://github.com/jerome-neo/ip.git,master,,tutorials/**,,,,,
https://github.com/ajjajjajjajj/ip.git,master,,tutorials/**,,,,,
https://github.com/markusyeo/ip.git,master,,tutorials/**,,,,,
https://github.com/Skeltons/ip.git,master,,tutorials/**,,,,,
https://github.com/ezeAng/ip.git,master,,tutorials/**,,,,,
https://github.com/kayyenl/ip.git,master,,tutorials/**,,,,,
https://github.com/ARPspoofing/ip.git,master,,tutorials/**,,,,,
https://github.com/Statspadders/ip.git,master,,tutorials/**,,,,,
https://github.com/castryl/ip.git,master,,tutorials/**,,,,,
https://github.com/daitenshionyan/ip.git,master,,tutorials/**,,,,,
https://github.com/felibunnyy/ip.git,master,,tutorials/**,,,,,
https://github.com/inas0ng/ip.git,master,,tutorials/**,,,,,
https://github.com/toh-xinyi/ip.git,master,,tutorials/**,,,,,
https://github.com/ZhuLeYao/ip.git,master,,tutorials/**,,,,,
https://github.com/UnwilledTangent/ip.git,master,,tutorials/**,,,,,
https://github.com/wesleybldc/ip.git,master,,tutorials/**,,,,,
https://github.com/Nicklelodeon/ip.git,master,,tutorials/**,,,,,
https://github.com/ginloy/ip.git,master,,tutorials/**,,,,,
https://github.com/Tohtoroo/ip.git,master,,tutorials/**,,,,,
https://github.com/zuohui48/ip.git,master,,tutorials/**,,,,,
https://github.com/slackernoob/ip.git,master,,tutorials/**,,,,,
https://github.com/elvern18/ip.git,master,,tutorials/**,,,,,
https://github.com/iapetusbob/ip.git,master,,tutorials/**,,,,,
https://github.com/sumhungyee/ip.git,master,,tutorials/**,,,,,
https://github.com/BigheartSmallbrain/ip.git,master,,tutorials/**,,,,,
https://github.com/seriouslia0/ip.git,master,,tutorials/**,,,,,
https://github.com/JrmCkh/ip.git,master,,tutorials/**,,,,,
https://github.com/pzaiming/ip.git,master,,tutorials/**,,,,,
https://github.com/SHni99/ip.git,master,,tutorials/**,,,,,
https://github.com/dsja612/ip.git,master,,tutorials/**,,,,,
https://github.com/Mehvin/ip.git,master,,tutorials/**,,,,,
https://github.com/amoonguss1/ip.git,master,,tutorials/**,,,,,
https://github.com/ChinJunAn/ip.git,master,,tutorials/**,,,,,
https://github.com/shazxrin/ip.git,master,,tutorials/**,,,,,
https://github.com/jedidiahC/ip.git,master,,tutorials/**,,,,,
https://github.com/anthonynmh/ip.git,master,,tutorials/**,,,,,
https://github.com/weekiat-douze/ip.git,master,,tutorials/**,,,,,
https://github.com/c0j0s/ip.git,master,,tutorials/**,,,,,
https://github.com/SPWwj/ip.git,master,,tutorials/**,,,,,
https://github.com/9fc70c892/ip.git,master,,tutorials/**,,,,,
https://github.com/Guo-KeCheng/ip.git,master,,tutorials/**,,,,,
https://github.com/Acerizm/ip.git,master,,tutorials/**,,,,,
https://github.com/astraxq/ip.git,master,,tutorials/**,,,,,
https://github.com/RyanQiu1/ip.git,master,,tutorials/**,,,,,
https://github.com/francisyzy/ip.git,master,,tutorials/**,,,,,
https://github.com/evanpy/ip.git,master,,tutorials/**,,,,,
https://github.com/Irminrics/ip.git,master,,tutorials/**,,,,,
https://github.com/hingen/ip.git,master,,tutorials/**,,,,,
https://github.com/benedict733/ip.git,master,,tutorials/**,,,,,
https://github.com/pkpaing/ip.git,master,,tutorials/**,,,,,
https://github.com/axmszr/ip.git,master,,tutorials/**,,,,,
https://github.com/lennoxtr/ip.git,master,,tutorials/**,,,,,
https://github.com/valerietanhx/ip.git,master,,tutorials/**,,,,,
https://github.com/jjiayyingtt/ip.git,master,,tutorials/**,,,,,
https://github.com/weilin1202/ip.git,master,,tutorials/**,,,,,
https://github.com/cyiting/ip.git,master,,tutorials/**,,,,,
https://github.com/shaowi/ip.git,master,,tutorials/**,,,,,
https://github.com/joytqt-1202/ip.git,master,,tutorials/**,,,,,
https://github.com/kimberlybp/ip.git,master,,tutorials/**,,,,,
https://github.com/Gibson0918/ip.git,master,,tutorials/**,,,,,
https://github.com/CarrieLi1015/ip.git,master,,tutorials/**,,,,,
https://github.com/lhy-hoyin/ip.git,master,,tutorials/**,,,,,
https://github.com/venuslimm/ip.git,master,,tutorials/**,,,,,
https://github.com/joshua-tyh/ip.git,master,,tutorials/**,,,,,
https://github.com/QQH0828/ip.git,master,,tutorials/**,,,,,
https://github.com/dohaduong/ip.git,master,,tutorials/**,,,,,
https://github.com/gwynethguo/ip.git,master,,tutorials/**,,,,,
https://github.com/Enigmatrix/ip.git,master,,tutorials/**,,,,,
https://github.com/Nafeij/ip.git,master,,tutorials/**,,,,,
https://github.com/winsonheng/ip.git,master,,tutorials/**,,,,,
https://github.com/TamKengHong/ip.git,master,,tutorials/**,,,,,
https://github.com/hansstanley/ip.git,master,,tutorials/**,,,,,
https://github.com/Johnchiahk/ip.git,master,,tutorials/**,,,,,
https://github.com/jmestxr/ip.git,master,,tutorials/**,,,,,
https://github.com/gyulong1/ip.git,master,,tutorials/**,,,,,
https://github.com/LiuMC-SG/ip.git,master,,tutorials/**,,,,,
https://github.com/jefrai/ip.git,master,,tutorials/**,,,,,
https://github.com/BoAi01/ip.git,master,,tutorials/**,,,,,
https://github.com/harin0826/ip.git,master,,tutorials/**,,,,,
https://github.com/Sheemo/ip.git,master,,tutorials/**,,,,,
https://github.com/pkwangjoo/ip.git,master,,tutorials/**,,,,,
https://github.com/jugheadjones10/ip.git,master,,tutorials/**,,,,,
https://github.com/shuimeihe/ip.git,master,,tutorials/**,,,,,
https://github.com/DerrickSaltFish/ip.git,master,,tutorials/**,,,,,
https://github.com/jinbesan/ip.git,master,,tutorials/**,,,,,
https://github.com/jeremykhoo-NUS/ip.git,master,,tutorials/**,,,,,
https://github.com/cydtseng/ip.git,master,,tutorials/**,,,,,
https://github.com/sachindavid96/ip.git,master,,tutorials/**,,,,,
https://github.com/verydaftpunk/ip.git,master,,tutorials/**,,,,,
https://github.com/bipbipboopboop/ip.git,master,,tutorials/**,,,,,
https://github.com/alextang809/ip.git,master,,tutorials/**,,,,,
https://github.com/tariq-droid/ip.git,master,,tutorials/**,,,,,
https://github.com/jereldlimjy/ip.git,master,,tutorials/**,,,,,
https://github.com/AngJunYang/ip.git,master,,tutorials/**,,,,,
https://github.com/Jxleejiaxin/ip.git,master,,tutorials/**,,,,,
https://github.com/vigonometry/ip.git,master,,tutorials/**,,,,,
https://github.com/jerrrren/ip.git,master,,tutorials/**,,,,,
https://github.com/euph00/ip.git,master,,tutorials/**,,,,,
https://github.com/rexcyrio/ip.git,master,,tutorials/**,,,,,
https://github.com/wengkit1/ip.git,master,,tutorials/**,,,,,
https://github.com/dillongoh/ip.git,master,,tutorials/**,,,,,
https://github.com/gohyongjing/ip.git,master,,tutorials/**,,,,,
https://github.com/cyli133/ip.git,master,,tutorials/**,,,,,
https://github.com/nigelteosw/ip.git,master,,tutorials/**,,,,,
https://github.com/kyueran/ip.git,master,,tutorials/**,,,,,
https://github.com/roultitude/ip.git,master,,tutorials/**,,,,,
https://github.com/gekhro/ip.git,master,,tutorials/**,,,,,
https://github.com/anunayajoshi/ip.git,master,,tutorials/**,,,,,
https://github.com/nramapurath/ip.git,master,,tutorials/**,,,,,
https://github.com/bokuanT/ip.git,master,,tutorials/**,,,,,
https://github.com/adam07018/ip.git,master,,tutorials/**,,,,,
https://github.com/TabrizPlv/ip.git,master,,tutorials/**,,,,,
https://github.com/securespider/ip.git,master,,tutorials/**,,,,,
https://github.com/jishnu28/ip.git,master,,tutorials/**,,,,,
https://github.com/4ndrelim/ip.git,master,,tutorials/**,,,,,
https://github.com/MingHowLogic/ip.git,master,,tutorials/**,,,,,
https://github.com/russelltankaimin/ip.git,master,,tutorials/**,,,,,
https://github.com/leonpoh/ip.git,master,,tutorials/**,,,,,
https://github.com/afiqzu/ip.git,master,,tutorials/**,,,,,
https://github.com/kennycjy/ip.git,master,,tutorials/**,,,,,
https://github.com/BagDownB3nny/ip.git,master,,tutorials/**,,,,,
https://github.com/bojie3/ip.git,master,,tutorials/**,,,,,
https://github.com/huangzz125/ip.git,master,,tutorials/**,,,,,
https://github.com/ZHTang29/ip.git,master,,tutorials/**,,,,,
https://github.com/jiexuanc/ip.git,master,,tutorials/**,,,,,
https://github.com/pzhengze/ip.git,master,,tutorials/**,,,,,
https://github.com/anchengyang/ip.git,master,,tutorials/**,,,,,
https://github.com/minosx31/ip.git,master,,tutorials/**,,,,,
https://github.com/Jun-How/ip.git,master,,tutorials/**,,,,,
https://github.com/Huggenguggen/ip.git,master,,tutorials/**,,,,,
https://github.com/nicleejy/ip.git,master,,tutorials/**,,,,,
https://github.com/Douglch/ip.git,master,,tutorials/**,,,,,
https://github.com/Jarrett0203/ip.git,master,,tutorials/**,,,,,
https://github.com/Bentimate/ip.git,master,,tutorials/**,,,,,
https://github.com/XylusChen/ip.git,master,,tutorials/**,,,,,
https://github.com/tituswe/ip.git,master,,tutorials/**,,,,,
https://github.com/alson001/ip.git,master,,tutorials/**,,,,,
https://github.com/immanuelhume/ip.git,master,,tutorials/**,,,,,
https://github.com/jweeyh/ip.git,master,,tutorials/**,,,,,
https://github.com/owen-yap/ip.git,master,,tutorials/**,,,,,
https://github.com/nevinlim/ip.git,master,,tutorials/**,,,,,
https://github.com/TimothyLawSongEn/ip.git,master,,tutorials/**,,,,,
https://github.com/ryanchua00/ip.git,master,,tutorials/**,,,,,
https://github.com/Zxun2/ip.git,master,,tutorials/**,,,,,
https://github.com/Wong-Jia-Jun/ip.git,master,,tutorials/**,,,,,
https://github.com/wz2k/ip.git,master,,tutorials/**,,,,,
https://github.com/ChangGittyHub/ip.git,master,,tutorials/**,,,,,
https://github.com/JamesLiuZX/ip.git,master,,tutorials/**,,,,,
https://github.com/zhengsterz/ip.git,master,,tutorials/**,,,,,
https://github.com/Creationsv2/ip.git,master,,tutorials/**,,,,,
https://github.com/KS2499/ip.git,master,,tutorials/**,,,,,
https://github.com/JavonTeo/ip.git,master,,tutorials/**,,,,,
https://github.com/junianob/ip.git,master,,tutorials/**,,,,,
https://github.com/jugsliao/ip.git,master,,tutorials/**,,,,,
https://github.com/filbertphang/ip.git,master,,tutorials/**,,,,,
https://github.com/Cheamybunny/ip.git,master,,tutorials/**,,,,,
https://github.com/eugenetangkj/ip.git,master,,tutorials/**,,,,,
https://github.com/swx0/ip.git,master,,tutorials/**,,,,,
https://github.com/noahxinjie/ip.git,master,,tutorials/**,,,,,
https://github.com/Varstak/ip.git,master,,tutorials/**,,,,,
https://github.com/WillCWX/ip.git,master,,tutorials/**,,,,,
https://github.com/edures888/ip.git,master,,tutorials/**,,,,,
https://github.com/lywich/ip.git,master,,tutorials/**,,,,,
https://github.com/zxisatree/ip.git,master,,tutorials/**,,,,,
https://github.com/mayuanxin1234/ip.git,master,,tutorials/**,,,,,
https://github.com/Diatbbin/ip.git,master,,tutorials/**,,,,,
https://github.com/abenx162/ip.git,master,,tutorials/**,,,,,
https://github.com/LeonardYam/ip.git,master,,tutorials/**,,,,,
https://github.com/benjamin-wee/ip.git,master,,tutorials/**,,,,,
https://github.com/linustws/ip.git,master,,tutorials/**,,,,,
https://github.com/GlennOngJunJie/ip.git,master,,tutorials/**,,,,,
https://github.com/jeraldkiew/ip.git,master,,tutorials/**,,,,,
https://github.com/pangrwa/ip.git,master,,tutorials/**,,,,,
https://github.com/nt-nic/ip.git,master,,tutorials/**,,,,,
https://github.com/KevinEyo1/ip.git,master,,tutorials/**,,,,,
https://github.com/kohkaixun/ip.git,master,,tutorials/**,,,,,
https://github.com/arkarsg/ip.git,master,,tutorials/**,,,,,
https://github.com/lukkesreysandeur/ip.git,master,,tutorials/**,,,,,
https://github.com/runoutofit/ip.git,master,,tutorials/**,,,,,
https://github.com/clydelhui/ip.git,master,,tutorials/**,,,,,
https://github.com/FredericChow00/ip.git,master,,tutorials/**,,,,,
https://github.com/NappySprout/ip.git,master,,tutorials/**,,,,,
https://github.com/DerenC/ip.git,master,,tutorials/**,,,,,
https://github.com/Junyi00/ip.git,master,,tutorials/**,,,,,
https://github.com/StanleyNeoh/ip.git,master,,tutorials/**,,,,,
https://github.com/clevon-w/ip.git,master,,tutorials/**,,,,,
https://github.com/Merrickneo/ip.git,master,,tutorials/**,,,,,
https://github.com/Bransonlj/ip.git,master,,tutorials/**,,,,,
https://github.com/sanjevi13/ip.git,master,,tutorials/**,,,,,
https://github.com/Dangabit/ip.git,master,,tutorials/**,,,,,
https://github.com/YZmunchmunch/ip.git,master,,tutorials/**,,,,,
https://github.com/glyfy/ip.git,master,,tutorials/**,,,,,
https://github.com/ongweijie7/ip.git,master,,tutorials/**,,,,,
https://github.com/zenithyap/ip.git,master,,tutorials/**,,,,,
https://github.com/chunzkok/ip.git,master,,tutorials/**,,,,,
https://github.com/mynameizzhafeez/ip.git,master,,tutorials/**,,,,,
https://github.com/ruiyigan/ip.git,master,,tutorials/**,,,,,
https://github.com/JunHao247/ip.git,master,,tutorials/**,,,,,
https://github.com/kennethk-1201/ip.git,master,,tutorials/**,,,,,
https://github.com/gitsac/ip.git,master,,tutorials/**,,,,,
https://github.com/dfordarius/ip.git,master,,tutorials/**,,,,,
https://github.com/thennant/ip.git,master,,tutorials/**,,,,,
https://github.com/MrTwit99/ip.git,master,,tutorials/**,,,,,
https://github.com/WeideTeo/ip.git,master,,tutorials/**,,,,,
https://github.com/jundatan/ip.git,master,,tutorials/**,,,,,
https://github.com/lyndonlim27/ip.git,master,,tutorials/**,,,,,
https://github.com/ShawnYip-Au/ip.git,master,,tutorials/**,,,,,
https://github.com/swxk19/ip.git,master,,tutorials/**,,,,,
https://github.com/bryansendeavour/ip.git,master,,tutorials/**,,,,,
https://github.com/huanghao1998/ip.git,master,,tutorials/**,,,,,
https://github.com/PeanutButters93/ip.git,master,,tutorials/**,,,,,
https://github.com/EksdeeeX/ip.git,master,,tutorials/**,,,,,
https://github.com/randallnhr/ip.git,master,,tutorials/**,,,,,
https://github.com/nus-jeff/ip.git,master,,tutorials/**,,,,,
https://github.com/EvitanRelta/ip.git,master,,tutorials/**,,,,,
https://github.com/ExtraShotLatte/ip.git,master,,tutorials/**,,,,,
https://github.com/bofeng1999/ip.git,master,,tutorials/**,,,,,
https://github.com/chuakid/ip.git,master,,tutorials/**,,,,,
https://github.com/KSunil2001/ip.git,master,,tutorials/**,,,,,
https://github.com/szejiancheng/ip.git,master,,tutorials/**,,,,,
https://github.com/Bisceto/ip.git,master,,tutorials/**,,,,,
https://github.com/kynhan/ip.git,master,,tutorials/**,,,,,
https://github.com/Beebeeoii/ip.git,master,,tutorials/**,,,,,
https://github.com/niekis/ip.git,master,,tutorials/**,,,,,
https://github.com/Shuggan/ip.git,master,,tutorials/**,,,,,
https://github.com/jednghk/ip.git,master,,tutorials/**,,,,,
https://github.com/thedesalizes/ip.git,master,,tutorials/**,,,,,
https://github.com/chongweiguan/ip.git,master,,tutorials/**,,,,,
https://github.com/ryanjansen/ip.git,master,,tutorials/**,,,,,
https://github.com/NoyaRoeT/ip.git,master,,tutorials/**,,,,,
https://github.com/chia-yh/ip.git,master,,tutorials/**,,,,,
https://github.com/Oliverloo0909/ip.git,master,,tutorials/**,,,,,
https://github.com/praveenkrishna0512/ip.git,master,,tutorials/**,,,,,
https://github.com/StefanosAv/ip.git,master,,tutorials/**,,,,,
https://github.com/dunliang0513/ip.git,master,,tutorials/**,,,,,
https://github.com/laihuiqi/ip.git,master,,tutorials/**,,,,,
https://github.com/jiasheng59/ip.git,master,,tutorials/**,,,,,
https://github.com/Jiayan-Lim/ip.git,master,,tutorials/**,,,,,
https://github.com/tingyic/ip.git,master,,tutorials/**,,,,,
https://github.com/homuntan02/ip.git,master,,tutorials/**,,,,,
https://github.com/jianminglok/ip.git,master,,tutorials/**,,,,,
https://github.com/zm-l/ip.git,master,,tutorials/**,,,,,
https://github.com/jayhee3/ip.git,master,,tutorials/**,,,,,
https://github.com/leeyi45/ip.git,master,,tutorials/**,,,,,
https://github.com/bernicetoh/ip.git,master,,tutorials/**,,,,,
https://github.com/mandykqh/ip.git,master,,tutorials/**,,,,,
https://github.com/ShanHng/ip.git,master,,tutorials/**,,,,,
https://github.com/panpannnnn/ip.git,master,,tutorials/**,,,,,
https://github.com/jamieeeleow/ip.git,master,,tutorials/**,,,,,
https://github.com/gremmyz/ip.git,master,,tutorials/**,,,,,
https://github.com/sembcorpp/ip.git,master,,tutorials/**,,,,,
https://github.com/seadragon2000341/ip.git,master,,tutorials/**,,,,,
https://github.com/heeeyi/ip.git,master,,tutorials/**,,,,,
https://github.com/Emrysil/ip.git,master,,tutorials/**,,,,,
https://github.com/glozxi/ip.git,master,,tutorials/**,,,,,
https://github.com/wongyx/ip.git,master,,tutorials/**,,,,,
https://github.com/nicljr/ip.git,master,,tutorials/**,,,,,
https://github.com/tricixg/ip.git,master,,tutorials/**,,,,,
https://github.com/CShuwen/ip.git,master,,tutorials/**,,,,,
https://github.com/ChickenChiang/ip.git,master,,tutorials/**,,,,,
https://github.com/liujiayue314/ip.git,master,,tutorials/**,,,,,
https://github.com/YuanXun9834/ip.git,master,,tutorials/**,,,,,
https://github.com/yitong241/ip.git,master,,tutorials/**,,,,,
https://github.com/antonlee59/ip.git,master,,tutorials/**,,,,,
https://github.com/Yufannnn/ip.git,master,,tutorials/**,,,,,
https://github.com/Lanreath/ip.git,master,,tutorials/**,,,,,
https://github.com/peaol/ip.git,master,,tutorials/**,,,,,
https://github.com/daytona65/ip.git,master,,tutorials/**,,,,,
https://github.com/Tempura-Person/ip.git,master,,tutorials/**,,,,,
https://github.com/daniellingzy/ip.git,master,,tutorials/**,,,,,
https://github.com/SeeuSim/ip.git,master,,tutorials/**,,,,,
https://github.com/zrei/ip.git,master,,tutorials/**,,,,,
https://github.com/zichen-3974/ip.git,master,,tutorials/**,,,,,
https://github.com/SeanChinJunKai/ip.git,master,,tutorials/**,,,,,
https://github.com/yyj-02/ip.git,master,,tutorials/**,,,,,
https://github.com/potty10/ip.git,master,,tutorials/**,,,,,
https://github.com/yanlings/ip.git,master,,tutorials/**,,,,,
https://github.com/kalarisng/ip.git,master,,tutorials/**,,,,,
https://github.com/germainelee02/ip.git,master,,tutorials/**,,,,,
https://github.com/Yaladah/ip.git,master,,tutorials/**,,,,,
https://github.com/rockman007372/ip.git,master,,tutorials/**,,,,,
https://github.com/zhoyx/ip.git,master,,tutorials/**,,,,,
https://github.com/yaojiax/ip.git,master,,tutorials/**,,,,,
https://github.com/unfazing/ip.git,master,,tutorials/**,,,,,
https://github.com/0x787af25e/ip.git,master,,tutorials/**,,,,,
https://github.com/bokung/ip.git,master,,tutorials/**,,,,,
https://github.com/Karen-Lam/ip.git,master,,tutorials/**,,,,,
https://github.com/FireRadical22/ip.git,master,,tutorials/**,,,,,
https://github.com/dawg420/ip.git,master,,tutorials/**,,,,,
https://github.com/gmengqi/ip.git,master,,tutorials/**,,,,,
https://github.com/tangyuantyy/ip.git,master,,tutorials/**,,,,,
https://github.com/jinnieshin/ip.git,master,,tutorials/**,,,,,
https://github.com/NBQian/ip.git,master,,tutorials/**,,,,,
https://github.com/PROGRAMMERHAO/ip.git,master,,tutorials/**,,,,,
https://github.com/HmuuMyatMoe/ip.git,master,,tutorials/**,,,,,
https://github.com/wendy0107/ip.git,master,,tutorials/**,,,,,
https://github.com/seanfirefox/ip.git,master,,tutorials/**,,,,,
https://github.com/cjyothika/ip.git,master,,tutorials/**,,,,,
https://github.com/rachtan27/ip.git,master,,tutorials/**,,,,,
https://github.com/engenhui1999/ip.git,master,,tutorials/**,,,,,
https://github.com/OliviaJHL/ip.git,master,,tutorials/**,,,,,
https://github.com/huixuant/ip.git,master,,tutorials/**,,,,,
https://github.com/jnjy/ip.git,master,,tutorials/**,,,,,
https://github.com/rmj1405/ip.git,master,,tutorials/**,,,,,
https://github.com/IsabelChong/ip.git,master,,tutorials/**,,,,,
https://github.com/Bobfree546/ip.git,master,,tutorials/**,,,,,
https://github.com/Alvozyn/ip.git,master,,tutorials/**,,,,,
https://github.com/ScorpiusSigma/ip.git,master,,tutorials/**,,,,,
https://github.com/tyx021/ip.git,master,,tutorials/**,,,,,
https://github.com/hhchinh2002/ip.git,master,,tutorials/**,,,,,
https://github.com/CedricPei/ip.git,master,,tutorials/**,,,,,
https://github.com/shenchenzizoe/ip.git,master,,tutorials/**,,,,,
https://github.com/kenzantonius/ip.git,master,,tutorials/**,,,,,
https://github.com/Daniel-Kur/ip.git,master,,tutorials/**,,,,,
https://github.com/VietAnh1010/ip.git,master,,tutorials/**,,,,,
https://github.com/Zhongli5712/ip.git,master,,tutorials/**,,,,,
https://github.com/shirsho-12/ip.git,master,,tutorials/**,,,,,
https://github.com/fahim-tazz/ip.git,master,,tutorials/**,,,,,
https://github.com/Cyrus-Krispin/ip.git,master,,tutorials/**,,,,,
https://github.com/zhacatomn/ip.git,master,,tutorials/**,,,,,
https://github.com/Infrix/ip.git,master,,tutorials/**,,,,,
https://github.com/bryanongjx/ip.git,master,,tutorials/**,,,,,
https://github.com/anshumaantgi/ip.git,master,,tutorials/**,,,,,
https://github.com/redHat-arko/ip.git,master,,tutorials/**,,,,,
https://github.com/wxxedu/ip.git,master,,tutorials/**,,,,,
https://github.com/PawanPatil19/ip.git,master,,tutorials/**,,,,,
https://github.com/igezt/ip.git,master,,tutorials/**,,,,,
https://github.com/WilliamHaiweiGu/ip.git,master,,tutorials/**,,,,,
https://github.com/Mr-Teal/ip.git,master,,tutorials/**,,,,,
https://github.com/Jayanth-Balasubramanian/ip.git,master,,tutorials/**,,,,,
https://github.com/vsamarth/ip.git,master,,tutorials/**,,,,,
https://github.com/mmaimer33/ip.git,master,,tutorials/**,,,,,
https://github.com/chen-jerry-junior/ip.git,master,,tutorials/**,,,,,
https://github.com/Lava-Iris/ip.git,master,,tutorials/**,,,,,
https://github.com/Saha9616/ip.git,master,,tutorials/**,,,,,
https://github.com/salty-flower/ip.git,master,,tutorials/**,,,,,
https://github.com/HJ-PRK/ip.git,master,,tutorials/**,,,,,
https://github.com/WindyCall/ip.git,master,,tutorials/**,,,,,
https://github.com/RubyNguyen07/ip.git,master,,tutorials/**,,,,,
https://github.com/sarthak181/ip.git,master,,tutorials/**,,,,,
https://github.com/CloudHill/ip.git,master,,tutorials/**,,,,,
https://github.com/Zeli0/ip.git,master,,tutorials/**,,,,,
https://github.com/cetigerlily/ip.git,master,,tutorials/**,,,,,
https://github.com/cmang12/ip.git,master,,tutorials/**,,,,,
https://github.com/Diamondroxxx/ip.git,master,,tutorials/**,,,,,
https://github.com/lxz333/ip.git,master,,tutorials/**,,,,,
https://github.com/vaidyanaath/ip.git,master,,tutorials/**,,,,,
https://github.com/panavdua/ip.git,master,,tutorials/**,,,,,
https://github.com/Flash161203/ip.git,master,,tutorials/**,,,,,
https://github.com/joyngjr/ip.git,master,,tutorials/**,,,,,
